cord_uid_0501,cord_uid_0519,comment
g0azmy82,todb4izx,identifier
4ew0c2gx,zcp7xbzr,identifier
ewr069hg,uiiwingt,identifier
08dkvn2d,pkiqg5c8,identifier
8khoqbl5,sc6qqxgc,identifier
d5gcu6rf,l5ja7l6h,identifier
zk0737mj,nz8uh8m6,identifier
h6js6juv,eqfpnl8c,identifier
u5d3wkww,qfsxuyow,identifier
jqros1lt,k41ix3rb,identifier
8x6j2gdc,33ecayoa,identifier
y4k6aprj,yww30793,identifier
6wduxw99,pfvao2w0,identifier
qsxnirja,jt6ucfdp,identifier
9ta801dk,rgzxihbp,identifier
2x4c8xfd,r66klre8,identifier
v0z8eq7h,vbwppmfk,identifier
jpruet5v,v0ftt9j6,identifier
5lo5kgbn,tvvtxccp,identifier
3ivy6t92,omtgurt8,identifier
9knjvncy,btzrfs6g,identifier
ef4hs346,ka98vvk3,identifier
h1ho8xsr,4a7dtnwf,identifier
okpzq07p,2ugwrhjj,identifier
ac3579no,cwx9kcou,identifier
tcx6ksuu,5k3u8fbl,identifier
er4wo86p,v4xno9zg,identifier
d21rxlsy,er8rijhe,identifier
aywyllts,5ttz48he,identifier
vnwkk33v,p5srvaep,identifier
retbqm13,aow2kn30,identifier
6qjkslw0,5k1lq94s,identifier
j2a4cc1k,nmcyjhu0,identifier
8vzwdjec,zf19i29d,identifier
7tpbc1tt,ty31khtx,identifier
uerpujmc,05h1wifn,identifier
j0z20rx5,3zg6lnow,identifier
thyshd2r,d66j0330,identifier
cw6q8ncx,3gl0nfji,identifier
cmcb827d,mw2cn7qo,identifier
m06suvtf,4gnt3kop,identifier
sfezm3ga,h343x2w9,identifier
y3x1vwzs,rw5ggcyx,identifier
b9whmiqf,rgzn0swd,identifier
4zig6oh3,ru6p1hot,identifier
p3jz85te,usgt940f,identifier
03d56sk3,ld6zftb2,identifier
g7kwqo5l,jpyrk7gk,identifier
29cmicya,26z7e4l5,identifier
68lv1fq4,togceecc,identifier
h66nmybl,3rfn9fk1,identifier
p7twitjm,nx4imroh,identifier
8mn6oe73,69msh649,identifier
5e1e96gw,5r8a0lo9,identifier
xtbemcxv,h6kyh76x,identifier
onxiu7t1,v33kum2m,identifier
34t6ndqm,38tzb62k,identifier
jubuq9tq,q41plzqq,identifier
xues17dt,suoiq1rk,identifier
6r2cgh7v,s634zdc5,identifier
vv9zf77t,g0fptp83,identifier
l19lo883,ekz44rxd,identifier
vmlu46it,m5myw1zu,identifier
d277h8o5,mhinfmal,identifier
m6doac3k,6bo3xbbb,identifier
h0fxqovd,9yfdal7t,identifier
dx3icn6n,t0icxq6i,identifier
k0o1t1z9,glboqd6t,identifier
pon3h0gb,hfdf0zb1,identifier
wmsqpwsa,knkic8hs,identifier
upylvmoa,asi9i97z,identifier
f9kl9t7u,fic051nn,identifier
1rfi0zq0,6gr1682f,identifier
5irb0fcy,7i4k3pt8,identifier
gcvbgi0c,qeo0o93l,identifier
fg1c7hdd,40m4hx06,identifier
dv0k4yag,wmgc4ifc,identifier
mkpghu6r,f3f53qbm,identifier
ulavi1a2,a5c9v7g4,identifier
uq4l9uxe,q4gtk3zy,identifier
9mlghr29,wo688q72,identifier
u8wrv913,101d80m9,identifier
n739z79x,1dmwh4iv,identifier
qg89d1ax,2r50ui8e,identifier
3ufxmxnl,uv03ygz8,identifier
p60qnxej,vzmih2vg,identifier
ao3hlixc,6x2ccdik,identifier
s9kos6py,g9rl99pp,identifier
cen2tts9,a1ka308o,identifier
2gkisupy,m77xaww7,identifier
kks6eafn,0fjxm0rb,identifier
b6abkv7p,1yq804n8,identifier
f9x0j7p9,mu1wh88o,identifier
419xx4ef,bpru7q5f,identifier
5p5b3vvy,erf6nrib,identifier
iyhfk6i5,q7zcqk2p,identifier
cpua1y37,qrqumu1a,identifier
w9lboejo,fw640zdb,identifier
yh54dekh,dbo69m2h,identifier
3am360d4,ij8gfutc,identifier
crrv37jz,igaiovu7,identifier
djm3ttxj,6trs4hvc,identifier
2njcmjxc,lsqdvjkx,identifier
uffkhnbn,zpoqxa73,identifier
cnbt6uo8,5zzpor69,identifier
5o5nc3ex,55qjk0k9,identifier
qgurte98,tz62llbe,identifier
07gaz5ym,r4hnr8d4,identifier
md7enahn,qbt4uat6,identifier
4ik45jcs,gdl74rdf,identifier
4k79f7bw,gq5r20pm,identifier
sdg4ac50,nohrqemd,identifier
s0l9rnmj,1n127fkf,identifier
q6jg9lny,7gt4ok6v,identifier
7ga40jct,hidlbfh4,identifier
48q75y7h,l5kdudrb,identifier
8tdr0fsh,rrq38akt,identifier
6fk3nsyp,upp3sj11,identifier
tkfwgoni,dq14f1mf,identifier
h86uga1g,qclxutw2,identifier
dgu82d7j,h3x29t3d,identifier
t7z8wk2i,0vjrewb6,identifier
hzgo6h45,bv65yaak,identifier
v1ar6vmn,d6824rru,identifier
d2xd9sn0,1te0qc45,identifier
q85mlgqr,ncqx631p,identifier
qnxzm93q,othc4scd,identifier
7yf2krrl,579efphd,identifier
2j9l3wnt,nxcaig72,identifier
cksx5rf2,h77uyv6l,identifier
ecz6ksp2,jtvqx0vk,identifier
1cg0pma2,uynoal1o,identifier
uvlusjds,dl5mpvdf,identifier
ymxrlqb0,xpysc8az,identifier
hoxtk901,8lnk91cr,identifier
rn23lenv,2z1sirwg,identifier
bjxw63rg,msz7cmkn,identifier
gti5ufjv,ct5hm1ox,identifier
z9bvu1p1,dwn5pq1d,identifier
xk7mz04p,90o6d9g0,identifier
2034jarz,xyvx2peb,identifier
6gbdlw8h,e5mu5dcp,identifier
nmw1mt5b,pyc7mos9,identifier
wzta9dix,6qgh6bve,identifier
ofq45m4x,snk4xqjy,identifier
161x3bk7,0q081eul,identifier
xm3q1j74,y0i9gsp5,identifier
h7ehzdyt,6kiiluon,identifier
6tgv6o9y,8csbp7ic,identifier
0ifti9xk,80t32jl7,identifier
98vqqkse,0a1vx8x2,identifier
gwslfunb,5iwgutxo,identifier
fbipkwdf,ttvynpu9,identifier
4awkalc8,i4t5gdf5,identifier
jkko6erq,7ntn9jm4,identifier
aqyqjz41,eegh2umz,identifier
wh8ap3qw,3xxyb5vp,identifier
91csx7xi,4ht61z7b,identifier
umxup80i,29j9njog,identifier
3glqszsm,uylw0zrg,identifier
rea09ing,qgfaiy0i,identifier
8z126sjd,zx2ruyjt,identifier
1hwbnl7k,5lzmb8xx,identifier
eh9epg26,at01wsmf,identifier
08twe91m,dnbg36fh,identifier
5qkayfc5,mfyqqd3f,identifier
dze6j4pc,p78knhk4,identifier
mir2qhez,c9yjxhei,identifier
8ajy3e55,c7wwvfco,identifier
w56mgx2k,syg80sbp,identifier
vszf6xqd,1zikb6z9,identifier
i8ea67qu,h6sauevh,identifier
6adxpwj1,evjb8vpx,identifier
2nakt1yt,zuc9afxx,identifier
zw4n4nsg,3g607hgx,identifier
wmmnuabp,qsvdvgdv,identifier
chsruzgd,yepjd0q5,identifier
fr3p13hh,m3ovhhfp,identifier
ddaasq5i,1e3ead6b,identifier
d3sy37w1,1a75s5l0,identifier
86hadh7v,pq7tfny0,identifier
n7yyabor,i6dziv2y,identifier
7jx742u6,syf0o2sd,identifier
2kv1ho3a,dew3fkii,identifier
egoctkfl,ukbevpr7,identifier
4czigfev,aqgy75rj,identifier
mf7oa6c2,9o5jaqqx,identifier
yu62wj1m,5h9pmdhw,identifier
gipfctna,i2h21t7i,identifier
1x8xad4s,tee9sk9d,identifier
j0gz835u,wdf0gv8p,identifier
j1dpqko3,754mlued,identifier
upmegye4,49hxczn1,identifier
gd5d7hec,gc3ogrpi,identifier
5ofx84mw,vc56j3nv,identifier
dq3f2l2g,7icenpwc,identifier
jqftm6l7,rlrziurp,identifier
120gugtu,8ddtp4nk,identifier
upxr2r03,f6nebry6,identifier
ws6kda16,m16xmyv0,identifier
jrljr202,i422iggr,identifier
3appvq7d,mxlkch0j,identifier
55lt9pkc,farxuynj,identifier
mmlvwan8,7ol2wme8,identifier
fvkky9wf,dojicfy7,identifier
9zmq2pqm,q1duhvl1,identifier
i8667tt3,0txf9o36,identifier
m097qtr6,9lk9mev2,identifier
2sxtczbf,cvp10nx0,identifier
5484r72t,70gntxtj,identifier
7ve9gs2a,4cc6u03u,identifier
pornok2c,sw2am8by,identifier
9umi766x,g238q7xz,identifier
9xapri51,khf5ymes,identifier
018zwu9r,yajlvrct,identifier
lhaqf43x,5ur60fuu,identifier
9kv2dh2q,shlxbz6t,identifier
6y1osa0d,4oi4a7bt,identifier
4sbg8kfj,2wwinvy4,identifier
yplft12r,7v8epqko,identifier
s3jilldh,1neklh75,identifier
6zyvh3ge,ldrcmv7g,identifier
lrljscqa,fe35oi4t,identifier
z2lv280w,n4s96xqd,identifier
wllssxds,wcjcmcfb,identifier
vwop9wkt,r8j7npu1,identifier
93povmzp,0bjl60gl,identifier
xa6913u7,j0g4x18y,identifier
1mvwlmi6,78y3fgld,identifier
fxz80tr1,2jqu7poh,identifier
cizon3fu,srod8yro,identifier
afe7j1x3,1nb08be3,identifier
n4rqfxfn,xkfsx9k0,identifier
pm4wprmh,ogiwqrxx,identifier
46sxgr5j,cprd40bq,identifier
ygk9uxat,gnoeoixy,identifier
e3ircc8q,6ifeibdq,identifier
rqc9a6t5,p4evg1xb,identifier
dwhu5zca,cf71uig9,identifier
9qup4mmu,kh7sv14c,identifier
j176w1z4,16nntpzt,identifier
7zachx0x,g7ke7tkx,identifier
gyijpdor,dtv6egw2,identifier
1mbsy7oj,7fpgly3m,identifier
0vyyibif,1rfmdgxu,identifier
sxfkwnff,v5ta7gu0,identifier
5j6f529x,gdv1oip2,identifier
wr7bn47z,aa8h7lmd,identifier
h7gxnau7,rlficp9w,identifier
obq3w0bz,vx7plrvz,identifier
vvpjbrz6,3kwo7q9e,identifier
m5uq516r,oaje61so,identifier
0whqd7ot,ewvqu4qo,identifier
3h53albz,w8m69hlh,identifier
ywhydjwb,dq0n1lei,identifier
korudzhc,t3yh7a5a,identifier
8wcay1vv,djulbca8,identifier
yuw7zryb,0lv1hlok,identifier
4axs4ofo,dbhtota8,identifier
56d0iqyc,lr9mwb7m,identifier
unq5tjx0,26ngi4vv,identifier
fvp4hxsz,ev1zwrv1,identifier
gt1y2wo5,ycduncjb,identifier
hw9oe2yo,aimrifc3,identifier
mbqftqd3,m4sfwo0y,identifier
oy86e9zm,tko8y5nm,identifier
239mwqkt,pgitvyyb,identifier
ejhw0e8p,6sc8qgah,identifier
t70q3aa0,h7dxs6zb,identifier
8c6xolpd,afzvpn80,identifier
1eelddua,16lhzusy,identifier
loy822wp,q12mlmbn,identifier
x8esh3de,x59n8rmf,identifier
xvcf8329,ndx0uksa,identifier
71cm8yvv,i0nkdnpg,identifier
h88baemo,or88ymx6,identifier
r08k8vvv,50gtl80i,identifier
y1zzjgh6,ll8d5hah,identifier
0am2kwkc,9dxyaenq,identifier
4i42hb29,7bbhzxx6,identifier
l76m2dg3,g0n4k83w,identifier
r0iuyfaz,i7ygjctv,identifier
tgfjhm4i,fge1jhhb,identifier
stib2pt0,ygkwdrxl,identifier
kdeb9ap5,ux7xjt4l,identifier
uf8nhrqp,lyd6cvr2,identifier
5cdnz0qh,b0eqpgkl,identifier
77abtqnb,nmh2zp34,identifier
ph0lxqmf,frxi1466,identifier
3q79csf4,tpvlct7j,identifier
kqviay2e,bvmujq44,identifier
aidfzzpw,bkp5pvir,identifier
9yq6vej0,hg2orxnv,identifier
aydgtz49,j8ta21zr,identifier
lcxoivxp,s3zs38pt,identifier
co50qwrd,ozhnazy1,identifier
qaczyl0e,cjghf08p,identifier
xssurlhq,mc4vq30z,identifier
pfxkwotf,uhz6wv1r,identifier
dlgjua5a,s5nzr9d8,identifier
olqzu5dn,gi1nul8t,identifier
rl1sxssb,dpsbgxzf,identifier
x9f9c2us,siyp2qpk,identifier
2rz00axr,eirvtipg,identifier
1n2rf9xn,cwzhxzps,identifier
vuzz7skk,2b45s2qd,identifier
lslbdzr5,9ol2plvt,identifier
eqrxlbt3,qud2syw4,identifier
7vuda8c2,trn5is1c,identifier
m3y4l0dm,jc2v11gu,identifier
zixlrxqu,d56ed4hw,identifier
dh0lvoqq,20kygx4a,identifier
ahapz9mn,o603gaxp,identifier
rph4my12,7bj1rny2,identifier
dujutcjv,99a9lld8,identifier
d0dblf7y,jplefgee,identifier
k2cnqbtn,oztygjj7,identifier
1581wask,3bpz1ozq,identifier
9pqgkx68,6j005h93,identifier
yl7v5vmu,1flmwe87,identifier
of0tc05o,09zblxzc,identifier
k3cc3ufk,aeof1muv,identifier
5hmt7e1i,z7swig97,identifier
8wz6ya5m,8ppjcadx,identifier
w616dpjn,nhiai13k,identifier
xaxpwfcj,ml3p6i9q,identifier
lzdsqrep,5d0bvmdr,identifier
udkj15zl,kx1j99yw,identifier
kqyhegbd,evs4yyoq,identifier
8p8783qj,p6kh6eq9,identifier
ejpofkl4,gfcarp13,identifier
sb7foja7,3qwz9qn6,identifier
0hv75a5r,8kkw8a24,identifier
wyl9w7a3,lr9gb0sb,identifier
4atteo5z,u8dcxcs7,identifier
fb4ft7ak,2b1vzt59,identifier
ywexvixk,rmafesks,identifier
v75ab7vh,lnun5lkn,identifier
5ynxh3sz,3ymb4fiv,identifier
hqdhi1fo,4or1q93z,identifier
c1kia033,0ikxtf1t,identifier
aqqrh7kn,co4i9fim,identifier
8jrco1r6,qohxifje,identifier
34qm8hqd,ubcm30uu,identifier
78gebz9m,s2jv5pxm,identifier
637rsa3g,625sotl4,identifier
3j2197bx,srnnpktl,identifier
7sjmqvqb,pv0iud8o,identifier
dbhsik87,zs5471zg,identifier
xwpbac7a,3u5egyfz,identifier
h89lsawc,vvju3tae,identifier
bkjqbnfr,zfth1rxn,identifier
1dsj3eis,mxu0lrnf,identifier
b329i1bx,4wsokooe,identifier
akxnx7kq,uninms4e,identifier
snotu8gg,ccrupdwj,identifier
h45kjac8,c8vgnavs,identifier
ldyot3hz,nklqgpue,identifier
ibn75act,j5ogel6y,identifier
m3699mub,212x5waa,identifier
r10ot9k6,28zss0l2,identifier
8lprq79t,z49vr5fj,identifier
ivfvu5i3,cmr58nm5,identifier
fe1yj05b,x7yew58d,identifier
ha6j37r3,mme45hxk,identifier
rux2u02f,kfw6h36u,identifier
4xc480hj,f7isruy0,identifier
jedg5056,x6go4x5w,identifier
7lnii2vq,gel6wf3o,identifier
adnzznhe,izh0nr3p,identifier
z71edv8q,av851qh9,identifier
j8hamgf0,68wnqnbh,identifier
yjgjte2s,f4d6ixmj,identifier
ecnnp6ur,6f7sjujr,identifier
89lojw9s,30e4xfqi,identifier
poh6zilv,6xqmw198,identifier
le84otip,g34umr0s,identifier
dga2qd09,biu8slfv,identifier
5z6wrzz0,vk8o6xt7,identifier
1tfr4meh,qz14s5ni,identifier
viumiept,djldlzm0,identifier
0cg7kf9h,tcex12n1,identifier
ktzxnk1u,psqhorjh,identifier
iukwcf2e,lzmwh0en,identifier
tnh2rx41,tw01u8up,identifier
2agi21ns,pfp36t93,identifier
g2o8x7ln,mnxs2odg,identifier
p99x9e7s,esg72lpv,identifier
00kzst6d,pettf7qh,identifier
gjn7c85c,qgszh2dr,identifier
zgij0axn,hgp3csuv,identifier
vsryelkk,n78faaps,identifier
gxvvb6d8,k1gyu4p1,identifier
1isenimf,268lujof,identifier
ksw49ces,eo089mpv,identifier
0fuednp1,5gdhpom3,identifier
01pvjt11,wdrg0ewr,identifier
v3ynf208,l8xyhagk,identifier
u95cvh2f,0ze5a4ca,identifier
15uecdpf,j002urb4,identifier
ubrop041,8on4all9,identifier
p6ia71ml,d0pq5k02,identifier
7v22eib4,l7acq838,identifier
h9c05o59,jaew05zg,identifier
2hzijbaw,b52mrzp7,identifier
cpaucz01,vrtqaym3,identifier
gz12gn0u,pdu5er8g,identifier
lg9oz87p,pjyfz0pm,identifier
3lm9bpiy,ghekwo95,identifier
3dp8l1ay,ln0rhdv5,identifier
xc0spuoc,yns6xmx2,identifier
zomlcw6u,l4u9mb69,identifier
wsqknlm0,itpdcojc,identifier
3maimcx3,wri49jjy,identifier
1h7ulf10,5o7ywoy5,identifier
w6v8r9an,jdb5xpq5,identifier
7bn49rgs,hlubfji4,identifier
dmshy1e0,fmpy3e8d,identifier
wc0b6ajt,ck64083b,identifier
adqjj9cq,3ey5biao,identifier
26vngtlz,e6upgiru,identifier
b8s728nx,q8mht4jd,identifier
lnz2laha,2w1w3e6s,identifier
qrb5j5l4,gn1agvh2,identifier
7uioa0kf,nsktc9v4,identifier
9s6kk8i3,9kfh245q,identifier
0y7cxhg0,dr74kfsv,identifier
vcysq6zp,mykay3k2,identifier
dgfrjmoi,6rg70pcr,identifier
njz061z4,xjd7xaug,identifier
hwa11bjw,m8ul9w56,identifier
rsvxyqin,6nvckl8k,identifier
v0vlw0as,22et607r,identifier
xcs4it01,em43b1a9,identifier
a14tzdbp,veeppk8h,identifier
mhkk4w2h,d8032l22,identifier
frvz8ju8,7dzl8yzx,identifier
kk8k584a,ywvydl1s,identifier
f5yl8ntm,jirgqzdg,identifier
p6wfxsrz,uoqkfjie,identifier
6gw2ezh6,mj7ahkql,identifier
v7hmx00y,nc30w22t,identifier
v6r1jx42,ojc21e4e,identifier
qmhg0f2s,0jn3kzbo,identifier
mn6yo7i5,l640dwdx,identifier
v7earn75,9wxrvh2f,identifier
kjd2huab,wyjyf42e,identifier
0yd9nxiv,rkw2qr8o,identifier
bxb50rpk,8pecqcog,identifier
7genw1fo,s8vkij3q,identifier
9smmcf1i,t73439c3,identifier
zc0x6hqp,4fzl5adr,identifier
zkf50nhz,f547n5w8,identifier
tmaux9t2,sbykva5l,identifier
2w2hasf9,lss40ak0,identifier
hjcndiby,4q39qk44,identifier
c4bu89qy,hhq0wmgg,identifier
ylb1vzgy,j3ht77v8,identifier
yxx67xia,a5sg617l,identifier
03cx1t6w,cafmei6b,identifier
volwnsma,cuda4ptg,identifier
jkgv0ugs,dlac4akx,identifier
bzn7o7km,3xzp3qxl,identifier
g33go9ot,sr8popns,identifier
sd81bz0m,vrw8b1ud,identifier
a1qrg60i,abnnnc2s,identifier
mgofcr1k,srpnt7cv,identifier
4iinogap,k4x6ip0y,identifier
4ch063v9,88fv2ea4,identifier
iauvgxfz,pk6apcma,identifier
bynmuc3g,v55nngh7,identifier
z7x4oj9o,550roktv,identifier
1cj5nnem,zelj1wfk,identifier
k1k19kr1,rkldrqfe,identifier
0krx8qqd,v9v10ksx,identifier
f0jo15wz,qhgdw0tx,identifier
sjapw4or,zgjox3li,identifier
libirwud,b8rsgsvl,identifier
oxp6gzls,2jmdkg0u,identifier
er8w1rjn,p7vscwni,identifier
mtarxe5l,wxl2ii8v,identifier
5qi6n45v,oo8mb2mk,identifier
md7i10n2,1s3j1k20,identifier
k5ktkkak,hh3pu5gq,identifier
8zp4w0ef,vo6l8vy9,identifier
5y8dogb4,74tejtdv,identifier
ldh381jy,ji0kwfkg,identifier
pd55ej1m,y4qp7l6k,identifier
8pemuei4,7t5na41p,identifier
3bsedf4a,s0mfpvzx,identifier
kgkiydx5,j6gja3sg,identifier
96810wv9,0dedx9y6,identifier
7ciyw1fx,sq03q8ex,identifier
8efs9ff0,25dfcqn9,identifier
mk9bwv9y,btloq9um,identifier
hxfhoajq,q09zpodp,identifier
764vec4w,21gpsaci,identifier
6xg2ygqn,47amdsn3,identifier
prf4mhiy,auoo0dm5,identifier
fhzhn9fa,e8obr39n,identifier
jffw8sbl,bd4tqojw,identifier
kdcl99rp,gsssbiqm,identifier
1ii13wpb,xnwawk8d,identifier
ezot11ln,t8xg1vak,identifier
8v621ryo,3vkguspz,identifier
xlm3dmyj,k9m5msvy,identifier
swfazyy7,0aicuibg,identifier
rgy3pjwf,vazzxrkl,identifier
2bh13n1l,oao2pipe,identifier
t1qbg7bj,uaxts60w,identifier
apg71d8c,hkqymsqx,identifier
84rzh1kq,6oo0j3u1,identifier
q0ijsoqk,rjkeoj2v,identifier
qocg4rk8,yru44hmt,identifier
axvq02ly,hdm19b0f,identifier
503qwsn1,c3ij5pvr,identifier
5afcj6a5,63l9my18,identifier
2d7ekiyh,zxg4e064,identifier
nkyed2f6,aekwgerx,identifier
ribk85cc,a6ml7lsq,identifier
uo1sr0bk,ag608tqi,identifier
wx60bc2s,3aw4x1gp,identifier
x7k3xwx1,tb00gv27,identifier
769vk2b2,g7s1htep,identifier
k8vjs1rb,m43n6ff7,identifier
7vgldfnu,w2ja81xx,identifier
qjp2rgpz,iohwfyxv,identifier
ak11ruh2,vud1h3jo,identifier
79xqpl3r,wrkl39sf,identifier
avd20f45,zdb4tzb0,identifier
tkzpavwd,9yr3ggb4,identifier
7bfsixec,jmkncvfz,identifier
8alu5bc5,yilmls9k,identifier
b3jj6wc4,pmy5boet,identifier
0j3zxmgp,0cwtjmp5,identifier
e3pfa2r0,252cvjvr,identifier
hv40u2yi,cctax1c0,identifier
t1puulmm,x72zyev3,identifier
7o0r3qa3,xs0k90f0,identifier
ukcnkdtr,pjecd9eh,identifier
90umup10,bkdbxbzi,identifier
jrmotae2,i1p5z4d9,identifier
kpbq2s0b,cdgf3fum,identifier
zw8t46ek,onczafxe,identifier
x8m8zbax,3wj2zcwf,identifier
vknwa6od,we6wrcxz,identifier
bnqhhua4,k1n8kyz9,identifier
z8q6w72y,lgbexhfn,identifier
mubgm9s9,lcgo6osp,identifier
wjxax00p,ejzrrd3o,identifier
98iooget,1g4oay7f,identifier
xep9ra6m,uvkh66ji,identifier
xdnu5qyq,1eptmxps,identifier
rk4wbaow,y4dcdixa,identifier
3kuta9pr,ykpux3jm,identifier
nxdangcb,smf92kub,identifier
35hn56qz,z5offdw2,identifier
852a6t91,qy6ibl0r,identifier
uux7uale,1aowjvzd,identifier
bst0guwr,ojirevr6,identifier
4hvf89wv,8jxb5z3m,identifier
7xi1jquq,gn6mx1va,identifier
l57d57co,9mcgpzp5,identifier
lmi4cgub,r8h3ysgd,identifier
8ivus94e,jmkne1at,identifier
n0yvwl3a,w0dpor8h,identifier
hctygq0i,hggs361p,identifier
0d57tqur,cpe68e67,identifier
ck01ds29,t0u13hev,identifier
pt0ci67s,6zfmjq9p,identifier
zo4ac4eq,rxxid84n,identifier
blktpii5,v90cvc12,identifier
61ka5y7n,f5ehol6k,identifier
cpd598ok,bebd1i7j,identifier
3uoylutj,7z6ea5zo,identifier
a0kguan3,44g9oxhl,identifier
8ar1mqhc,mg1eoqko,identifier
y7qqev4j,kszep2kr,identifier
ibcvnna0,4nbvdxdt,identifier
iqoihalh,i8vyj41r,identifier
31c6on5d,xsoer388,identifier
jpwyg91x,8xc55ou9,identifier
zglari8b,49rledsr,identifier
41otw3ly,bofk786q,identifier
nsct7kya,393efd5e,identifier
j3dmb40o,r8st8zjt,identifier
3gis74gc,0yx8a4op,identifier
qxwkeyq5,ygsiuzcl,identifier
z34e5u28,521tvi20,identifier
p1m6yrtn,dxc9yih0,identifier
ljd7zn26,yl60pb6n,identifier
55b7xvmk,xh7nw1of,identifier
vo17k48n,vbjz1wdr,identifier
igk6kj4r,hfxlaxcj,identifier
1z0hb552,sqie16ey,identifier
8d6zdocn,hi3nm1uv,identifier
gqrf6bea,z40j06sy,identifier
9ai2bmqp,az828etz,identifier
k490uchu,s4aisy2z,identifier
9k2z7xri,zobzviti,identifier
djy9ewl2,yew7jrsi,identifier
7enl5ygv,xvsnmatl,identifier
2ay9zx8w,3hy5zm8d,identifier
uino8mts,glpwiehs,identifier
7kplagj1,r6eenns2,identifier
oncysw6e,2crp75rv,identifier
qzvtiqrw,nzo80jop,identifier
gmqm3oi9,gj7g1uf1,identifier
20xpa8ai,yja3wzgg,identifier
9ru843vi,p7upk81l,identifier
9d7chegu,fbwj6o40,identifier
rbmhiank,ldmx7wp6,identifier
cf5spa8l,xuddz3ua,identifier
pepmsy51,ckjkbtap,identifier
uxx6612l,0klqz70w,identifier
2jofxh46,kuginleu,identifier
ke7w8ul9,sh9yoedp,identifier
3dlukfho,ur4eua83,identifier
rp67wdej,s4fxofah,identifier
a8ilrt0l,3c442wet,identifier
vpblnie6,fnd3r1ya,identifier
7oxeaozw,m7ife141,identifier
cgq4szcn,f83pn08w,identifier
gr0xtrv6,0qq7g8n4,identifier
7eariykn,nf1gzmix,identifier
k6oa8yw9,2abhr9cp,identifier
r6bzrkhg,9mhcr9h4,identifier
gcunmxcg,1cagzs3u,identifier
knv0zd26,jqvnzofi,identifier
5jyqncnz,8nzjeh9o,identifier
0uxr7529,6gng098s,identifier
vfnr52eb,3pnb6zii,identifier
2h36763m,3c9owmqj,identifier
ffvr8jar,rhs08c54,identifier
97f0mo8q,m5vfje88,identifier
rhg4u9wt,1334k12x,identifier
jqkxf3md,gvfl40bu,identifier
1ali97dv,ihpx9gru,identifier
tezem7dq,jcq4hdrh,identifier
npo7swgn,k6wqfroh,identifier
eu1m1yfw,876gbxws,identifier
cwcnov7s,j4n2shv4,identifier
e6njuwvs,z4qcegrb,identifier
aeh47gjn,y7y0hkb3,identifier
ik5ghtsw,9ikxe1w5,identifier
gs1b6iy6,15fgj3kz,identifier
6q1xp60q,mtsvk2o1,identifier
q7gaekf5,h26pmgvs,identifier
mh1gm12m,f21shjh6,identifier
pagunwch,urjvik49,identifier
vg0ot3nu,v3wqptnf,identifier
lwx79950,upvb6dq1,identifier
8s6vz48k,8nq3gt5x,identifier
h6byo95z,72zogw5v,identifier
y4n1gqeb,ot9pxo2s,identifier
k45p9g4h,s0xkfsu4,identifier
gw7z0r17,m9bpq9ae,identifier
7zihv50o,0y704vju,identifier
0kdxh1ev,898ofggq,identifier
r4hfwae1,7cygck74,identifier
13nsnlll,d92o8djm,identifier
ha57yx98,zju1wlo5,identifier
ipudo1ap,243b043u,identifier
ofhgis8k,fqb0nt9m,identifier
ezrkbuwg,zk1fyi2w,identifier
7ta54a42,f9fbf0wq,identifier
liw3afn9,c0h15zkk,identifier
59bgr2bt,8gjbzu05,identifier
ceozqclk,903eay09,identifier
cwl766o1,abosv95x,identifier
fxzv8qj8,55ku0c4g,identifier
0apm484i,htfzzs7b,identifier
2nnikybe,56dkkxus,identifier
fmmtzwvw,7nh3m8l8,identifier
he1ajaqq,ns1wur2l,identifier
8eqvx537,2hsg05ka,identifier
qw1r3yut,oc7i3gn2,identifier
ufsz92zr,6ulvk9hv,identifier
kgmiepqj,tf6dncj0,identifier
3o1o4p7b,wcwjmpob,identifier
dg66lm7i,reigunin,identifier
jkbtsndf,2j1hbdvt,identifier
c6nom6t5,rdge6mtd,identifier
758oer5b,6go9vxu3,identifier
urlmoyrk,c4x20sia,identifier
gsljpw02,rkr0hdnm,identifier
asnwwok1,0emxbwkz,identifier
wmpcvo7o,ykvv8gu8,identifier
9aek5peo,9mgkosf5,identifier
44nlt1sd,qzbm7k9h,identifier
54p4mvn9,7wneq50r,identifier
drpoup7z,a0ea9alb,identifier
lbkt9ld8,p3u75sa7,identifier
cbzwvsrf,43555sfb,identifier
3nogl58j,ewh7ks1v,identifier
1mvamieb,vu9b8w7o,identifier
hxwl99vh,h153rcp6,identifier
mp55bryy,ti3yy892,identifier
38y497ig,lbj1kghn,identifier
cgqs4fwe,3s3zoeo2,identifier
ofewvufn,snoo2kfg,identifier
kyw6ad4u,cpsqjwq3,identifier
u6ajxw05,cfl7kjbv,identifier
phljavw7,f1todee2,identifier
btrzwlfi,6hlugtvu,identifier
camgvxbi,b6yq2bbj,identifier
kafc0p0d,ekgiq5i5,identifier
a7vlyvup,ifa19ofq,identifier
bilpnl0u,m5p5t860,identifier
rfn4wxj6,p0wcavf8,identifier
zwg4jnlx,kim3fjse,identifier
fitw2b5w,e28phe9y,identifier
5xy4toxz,n8bk76i8,identifier
82kdjuyk,sf8i12f2,identifier
51iwggis,u3k342tx,identifier
qxgyx689,l9ik5q3x,identifier
iusfw6l4,a6xuqw58,identifier
6a67jc1m,tf3stzu0,identifier
gikoxrs8,g94zpmjf,identifier
a6p8te8q,deg2fdkv,identifier
6zfcvaog,l8m8veh6,identifier
0fecbxgg,vbgu5f0u,identifier
n13b6m1v,igezjpw7,identifier
9p9ukr87,v48tl576,identifier
89ez6bzq,4tcg8bqa,identifier
fgm0h8ff,nlh2v2l6,identifier
9zbl4ab0,c7ia2d5v,identifier
cyx0p2x5,x98j7mii,identifier
pklqncrz,l06qnicl,identifier
4fzyu8z7,8e8h7bo3,identifier
icu1evir,b7sxwmc4,identifier
mfs8l1v3,fg589f4n,identifier
rhkzwlf0,k1ou90l5,identifier
4dz0ytwd,iazolbhs,identifier
2xt07u6y,wd8wers8,identifier
240y2xws,53itufey,identifier
s6vtdvip,u3f75jzx,identifier
9z4p823p,61rxm0bu,identifier
l08v76mu,lrchvysw,identifier
12uy8hjw,nofswvni,identifier
a154wdi0,w7o6kygq,identifier
ccoo96wp,1ldwsasm,identifier
6c4ntgn6,ft8d4mhn,identifier
ccor7ddp,s1nzoniq,identifier
ayi0igzm,g77flvye,identifier
jhn26qt9,6se4faio,identifier
ja73e4h8,0skyfos6,identifier
3hcj0w3f,tuxneip1,identifier
pzslaw29,8pod36pz,identifier
r5tcw7bj,kzw4t5w3,identifier
cb28ljeu,be0dxzeq,identifier
wgrsaf0k,ue0hfmnn,identifier
m38tapqd,h9i1kxg1,identifier
qpi29fuz,q1hdj485,identifier
jvl69qjr,sgim0hv6,identifier
49mcrufv,ff7l9bnc,identifier
vet6vf2y,x399t1mb,identifier
xy0zsthb,ljmjt1k8,identifier
d73w1za6,2g7brqek,identifier
os25dr4g,z2fo0g6y,identifier
avn9olqj,m7jhnrdz,identifier
gtxrpiu2,ok7dnux5,identifier
6e2k8vom,9npuaqc0,identifier
bwl9qpc5,bkgbgu0c,identifier
1615rie4,pfqkygtq,identifier
2tmyllq9,018zcmpr,identifier
x1mrs2np,pvhirbp8,identifier
7w3k1utk,gakxggg9,identifier
ns41qvgj,i5o8smbz,identifier
qzmnk6ex,8hdwy9cb,identifier
3cjhojmt,hukgtwlx,identifier
e9y1vd3o,8w1ihb17,identifier
gel5fra7,l9i5fnza,identifier
a6sbz8h5,zqh6euc7,identifier
sy4hctf5,rlgcvkcq,identifier
kpslbkof,j5qf7po0,identifier
hvnleoxq,3c6hhfb5,identifier
942g7siy,czmqo5r5,identifier
piui3iw6,e7h5xvio,identifier
qahik4g7,5zekc7fx,identifier
oytciui0,5xrtkxc4,identifier
7ktfp0h1,m91ehn77,identifier
pbu0ahio,uxh5dxrz,identifier
0j0s5pph,ovkm2ofk,identifier
0l3w2epc,6jarvfbc,identifier
r16dhur3,2y5pzp8l,identifier
loc8bo9x,hms3jor0,identifier
vwtgkcbt,8hvwpo0c,identifier
nqyxlcn7,3b59kogi,identifier
3w2ojzfa,2948gdka,identifier
xnf8xcgj,4rbtif2y,identifier
7cmsg6j0,etqhp83q,identifier
70s5sp3l,lowmjj38,identifier
m76ls89z,weing503,identifier
3enx8vn7,k8idbdp1,identifier
vmh7qv3t,36ikj53i,identifier
mxb9f713,80m4ur6m,identifier
2quaxirn,7poh9pn3,identifier
8eyey5bp,8l4hv6gh,identifier
teseu92c,gt4glete,identifier
z786mq9k,hiwtouvd,identifier
j97976b8,vzyscx3p,identifier
di8t8ept,9b90qd5f,identifier
qh82nwgz,hymif71t,identifier
jhbgh6f8,pyvse8ox,identifier
8nvgkn2c,mur6f2zb,identifier
k26llie7,7q3eda58,identifier
ovrc2sjl,enkmvl7a,identifier
az8nvhr0,7ladi8a8,identifier
loyk4kir,gi6p4q69,identifier
50uu4y35,t8a64arl,identifier
vjnkap8k,khgnlkvg,identifier
q4ryuyv2,v8uhngrp,identifier
snhp4dun,txafcwfn,identifier
9xvdkmzt,n5q8u85x,identifier
m513eawc,v651fgmw,identifier
zdf6h2bh,zttegmkw,identifier
g10qshvy,3wtuotlp,identifier
rxyu2wwg,r0sxgrqr,identifier
6dt8mq6w,qkbtz4t8,identifier
exbylvf2,tl30wlpy,identifier
8h98qvu2,wcy2pc8j,identifier
jbmwe0bc,ukeewp5f,identifier
vlfvyv5d,sltb1ou1,identifier
tbz3ygs7,azn75kqd,identifier
w30tkiff,ez59fqb7,identifier
g2d3kety,oe13a8ga,identifier
n9nrcwc9,l8oqjwds,identifier
6mdz90pq,irug512h,identifier
rh8x6kx2,50mjxaxa,identifier
5vx5u24q,zbhhnhxj,identifier
znypu8pz,5lnpt3r5,identifier
1tklz3jf,492xtiqh,identifier
pjoirw1u,858i3g58,identifier
eie4vjrj,jkfq5vs1,identifier
l8mjnz8v,g0ztbuu2,identifier
q0dwxhn7,8x4mf1e6,identifier
bjmvnmcc,hv5a8rvj,identifier
o683gmrz,7ayg3typ,identifier
esjfuivf,a9miyhtl,identifier
x9v5itzo,trluj8r6,identifier
c4qui2os,h76zf969,identifier
robdd4l1,uyt9db8e,identifier
pg1s7lva,pg2kfsbf,identifier
psz1y688,htnm6sxk,identifier
vamubr7j,gs8dhes3,identifier
gazemy5l,mnp7cydc,identifier
sn20g96o,08vz909s,identifier
kyn3yjrw,23x36f83,identifier
mfnnci0v,yg5whfr8,identifier
kvwrl3ml,zn6eey4g,identifier
hm466y5u,gitw4j7m,identifier
w2h5w02a,oi424aa6,identifier
ltqt66a4,0f6vceh4,identifier
6fcf8vjj,jrk39gu8,identifier
bgz1h20o,kf85auq6,identifier
5hlp7eg1,pbj9xkp1,identifier
59ahgpdp,yap5ymqr,identifier
qwrtupo4,btgklnp0,identifier
0chxb1dv,otydkymg,identifier
xv6j68wv,0kws60ng,identifier
yazf12ob,aeie56g5,identifier
jb05cumv,ud64rhh3,identifier
gpvhdrc5,51r62up6,identifier
a4myu4jb,y3ge8e3a,identifier
43ltpgpp,8cgqs4g0,identifier
akf1lpdu,zdlbsuys,identifier
o45rtu2c,wkn3x29f,identifier
i4dyut19,oqu072nx,identifier
rlyjtcl5,7an61ouh,identifier
t78fyys0,49vq1i3m,identifier
rd1zhm2u,mhcy53fk,identifier
8lxdue5k,behhee3h,identifier
w9q5zcp2,yrun1ra3,identifier
6ooi3q90,h0ig3yug,identifier
dtklfker,r5rqsxzz,identifier
nc3v1y6c,tarv3wio,identifier
vxvuttj2,h6nm3x7m,identifier
reu5kory,9l47awje,identifier
o32yplz5,tr1f0c3d,identifier
frn433ft,tlg5mnvk,identifier
5s6cby2p,8ikdd6fk,identifier
y1bdtj5r,l2cfk357,identifier
mgmzs5ey,qyiu44e9,identifier
0ez81078,o0ayy3vb,identifier
w7ndsc69,r1rf7av2,identifier
fxqyqolb,n7ngypbs,identifier
rgb9x5jt,kexfuoj0,identifier
e1rbshzx,e9txmpou,identifier
0o6qlilb,irosorqq,identifier
mam82tou,eo4ehcjv,identifier
a9a9qyn5,5gx9liep,identifier
0w1qx1gr,hbb11zf9,identifier
fwb99wia,ynf3wyo7,identifier
6o044ubx,ftdcm70n,identifier
f5bfy8ww,keeinarw,identifier
6ynxko4o,5omifb81,identifier
ykv0usot,9i98brrn,identifier
6qfsqtjg,s21luffx,identifier
miiuy8wo,hqbk7gfe,identifier
p7nx64fa,m3i41vxj,identifier
hqfpbg07,ikncgp7n,identifier
79l0bg5k,7cznwjcm,identifier
821ruujo,3e005ob2,identifier
vrrfxl98,k6rx8bm8,identifier
ysrhdtbr,5pg6wq00,identifier
xynnw3by,dyutsd8t,identifier
95o69i78,8lrudl4n,identifier
6lhtwl2c,s0urn8lu,identifier
fro1261r,s5bxlkhh,identifier
w4y3bmlp,f10in0zw,identifier
e7fftmyb,87ba4k4r,identifier
v3zsr1n1,2b8u1u44,identifier
t8yxes43,gruir7aw,identifier
ydbwj7ug,52cdi5bv,identifier
tjwkouya,vpes6y4o,identifier
01f91lco,5p2d3v71,identifier
l2w0kfss,qvz1l1do,identifier
kqpfn5xx,per78v5q,identifier
sxhmtghv,5dlm00mb,identifier
40eehtgy,5qiauv47,identifier
oly7rge8,rpl31ybq,identifier
gq7ozi5b,astr06wk,identifier
yr28rp3d,e0owx03o,identifier
y9qb6b2v,fq7ud25y,identifier
tufjl950,vk311fox,identifier
k75oyf5w,n49vypzi,identifier
ouj794xr,r17kw0ef,identifier
j84uw2dq,t9mug53v,identifier
lk9h3mhi,nceb5se9,identifier
0zjdsaji,2jkd5gkt,identifier
5bah7j6r,ikqa6c77,identifier
bswdtsw2,w92bwjyo,identifier
4zazb2ws,w7pxf90l,identifier
e4y88pw9,gg6h86fg,identifier
3jcrteyp,9czvztt1,identifier
3yks2ctq,h6dsjkvz,identifier
su7q7iv5,mw7kslcf,identifier
3hshqnc8,u181mobr,identifier
wf41l6f6,xrg768qy,identifier
aph27ej0,154yzzy3,identifier
o5zdugrt,0s8cpa73,identifier
p2o50nw0,paovt23i,identifier
25gy58sb,n6z46pmj,identifier
1tw6vxne,hvfwpw05,identifier
gvzyram5,bs43w0wp,identifier
7rdzrdw6,v80u83eg,identifier
vl872vvm,r0ymg3j1,identifier
hjymdeii,6j75uayp,identifier
a3qzt3pr,lw77oljx,identifier
s3qtgtjf,0g22sfv7,identifier
5hnr4yxg,xxbtxtcx,identifier
k0c7drau,eh6110o7,identifier
ldszihyc,ohh344q2,identifier
oc6owz7e,5rtnk6zv,identifier
k46ukxcr,z14jwvvo,identifier
u5g01p97,z7ux4bhd,identifier
ga870ehc,2krptz55,identifier
nwlojf7e,bqwb1aln,identifier
mcmnpvzd,4m2jmn4g,identifier
1t13cl7s,tshb2xiu,identifier
boow9tsk,b656ary7,identifier
jssb9gy0,l80gm12f,identifier
h9pakobb,709nj2aj,identifier
hogx5rjc,jmhhfpym,identifier
qqe99lx5,vef4iffd,identifier
9i8z6l3a,7t63xpvc,identifier
ealtthqc,b1qnfl41,identifier
97h110gh,vyaijfv5,identifier
r8czg7p6,7bofxi0x,identifier
hr2cwm4y,2zyywaxx,identifier
t9b300hy,rm29dp8f,identifier
fftbxz6e,w8uay95k,identifier
on7oh5jn,vslqfh15,identifier
vzsmhg7m,r0pzpont,identifier
gz764ph8,1t3v3254,identifier
3luslilo,2zyqhrwv,identifier
n174keu7,45zjhk8p,identifier
947ekgux,z3ge4pol,identifier
2bfazvwo,8xwyw4vo,identifier
w4wzkx66,4afqprkb,identifier
mv3crcsh,8ccl9aui,identifier
73stmy3x,gjd2v27m,identifier
rj0m52em,ne7epyib,identifier
bq7pds0b,c14uyh9x,identifier
znl82hmi,xsyojazu,identifier
eyt8ll1n,ard96aec,identifier
t3991441,gdfzso8n,identifier
sar4kbzs,k925dtlj,identifier
sojsk9y7,m4kigwg5,identifier
3arionf0,ry3we2rl,identifier
d5qlsthi,oit6bwzy,identifier
rk8h6pbq,izg86lim,identifier
q1snj82e,nofi1pkh,identifier
qx6i0lb9,npqooqli,identifier
wgka9usv,g82cobjk,identifier
lqbf9eyo,x5ymng9g,identifier
uaelcc1v,r69dnsdm,identifier
8ps4f43z,jbnh13pc,identifier
1dot7tju,5rpeu70i,identifier
lgvvqkfn,o476t96e,identifier
pv628lcz,lqh6gwj7,identifier
kamw5vyy,7i7l6x82,identifier
yirdzobv,w1ca5vfi,identifier
mheawgn9,ux82v93d,identifier
fsks8xi3,2f7nf5y5,identifier
x15w5yn0,987h3iry,identifier
y3u664xc,0luk0ib5,identifier
4avzgrz5,elrkfgd9,identifier
itvn7dw9,3rflm9of,identifier
vqhvq2kj,11j787mq,identifier
7x3wdrwa,ksafrr6n,identifier
nfcqfnwe,nw8qnbzf,identifier
h84nhgwh,lxwnp228,identifier
hyqya393,2k6u1w47,identifier
pemn2xcr,ge88id2v,identifier
pibofmfb,g94pzelj,identifier
jvxjgugo,8ityw252,identifier
jjeul36s,s230azhx,identifier
9u4j40ap,ddxxmh25,identifier
x7e6e77d,k7gnz1li,identifier
xqhncvbh,6r95cuug,identifier
xstzq5um,inz9rxsn,identifier
r2cn88am,8d7k0whj,identifier
8swzryi1,zzp1x4be,identifier
emkba411,gh4h76s9,identifier
w7p0et1l,evb6u73z,identifier
q298c6yl,t272upce,identifier
egaix0df,6lc0bxrl,identifier
yedngdiu,7fgg3t11,identifier
pv6vnt0m,rbljwsid,identifier
l3zx4qip,jvx9o6wi,identifier
xypzgnzn,ay5l3goi,identifier
txsf2eq5,kl5aqzw2,identifier
7g1lrzcj,jqya14v3,identifier
ujt4ngw0,rx81w320,identifier
n80m5l0r,balkcox0,identifier
sk06xs0k,z3z5xc8j,identifier
akmk18r7,eut059y8,identifier
mjewz7kv,iuuzm6q2,identifier
ly42p6gr,1fi9kwjw,identifier
m2iiswan,xgjjpig8,identifier
6hiogs1g,kkopi2me,identifier
3q2kqv56,ssecqf7z,identifier
ep5irith,u7av1xlv,identifier
h0t6xvgv,k9bdv1ph,identifier
mdrghjlt,s5hn4m89,identifier
5bd1hwz2,3ocpcihu,identifier
5zukxemu,is4zu4iy,identifier
k5o04w9v,txdzf06r,identifier
6njb1kdv,862y7e6r,identifier
l2x9keaz,bh717utp,identifier
xqnye1l8,yqtndvke,identifier
894ec0mp,w3ao6vz6,identifier
lwpzlhw2,2gvvwvvg,identifier
565hciw6,ka667ayu,identifier
upnixbu4,qxiyo47f,identifier
9qttu7k4,d4qqsrx3,identifier
gtl9t1kw,nsiksrf0,identifier
v3ap3g3h,1d2qm17q,identifier
olwxzum7,2cjyebhn,identifier
sxh3ayf4,ve7qlhsj,identifier
6srhxlmy,tsngc0uy,identifier
1abmr65c,gjok0ash,identifier
jpacrrei,ks1t8vmg,identifier
lkt5b1bi,iwfgcegh,identifier
178w4paz,l7ikws9x,identifier
s96zgf5r,118egbdm,identifier
t58lqldw,q2l0t4di,identifier
t9fjcjvi,u783ooqs,identifier
djtdalnq,nkjy64gn,identifier
ell8lh6l,oyxb4rb0,identifier
ffbehu5g,wq86q3xb,identifier
wrv2ru2q,94d0ufow,identifier
pc2rf1bk,gd0uho6g,identifier
atvwjar7,1zeggcl2,identifier
sawmr9ft,lzytwb0v,identifier
v3giavja,wqi1hul3,identifier
797dlv5q,p4ckzvzz,identifier
7e19sjnk,jejjvs64,identifier
c5r5vypk,l8rsb2he,identifier
nepo98hn,stvd1f9i,identifier
j2oc3tni,k6365x9z,identifier
w1dd58q0,0fd9e3y5,identifier
ajdonxtd,fhxw5mn2,identifier
okcilvph,c82oqkbg,identifier
0vbs8l4d,nhootkef,identifier
odhw2l1i,fwooy9xz,identifier
vsmto57f,b7p57xxk,identifier
27xxjcfs,9yyuo0o2,identifier
sgiyqusx,muazj6eq,identifier
ygjoj4x1,uvu14uob,identifier
dzxq0cgw,91rwsne1,identifier
paikguqy,leux8g1c,identifier
vlobpi1o,ho5lr6c8,identifier
lzq1czr0,yi0pfgez,identifier
71tlnlh4,xo9yn0us,identifier
j3aoj36l,dajzzzdk,identifier
qszymgeq,t02mr9p5,identifier
k0arigeo,kltmcxcj,identifier
jkhfkm4x,b1ulo1nc,identifier
suup0d6i,bremq4yo,identifier
2e6bq9xa,m8eh17f5,identifier
8rv8vz4g,ipwvt0km,identifier
iln809hb,6hbuuhm6,identifier
j2wwql4j,2jkjp5h7,identifier
cjbmki8i,3dj09cfo,identifier
w1qsynjq,sozd0p6t,identifier
stao519y,hnii9ger,identifier
ssbp3ykf,jchkwy79,identifier
b0l7mf4o,b31se7lv,identifier
yh5ap8bt,npeo5xgg,identifier
m3rlifgf,ggq0h6ot,identifier
5cnr7wc4,bnbbwhrk,identifier
a4kqxaqk,ez1canrp,identifier
9cgex03o,5qc28i2d,identifier
1hot42u3,o0vq0vaj,identifier
iodfd375,2xzbpl0b,identifier
tct3iuqr,o8no325d,identifier
i2kj19w1,mnar1kts,identifier
fxl9ezul,ydsuwt04,identifier
55sici7j,n1bui46n,identifier
fu91ferv,1i8r080r,identifier
w2jlmstp,5b53g475,identifier
bs0as8d9,jnn6fum4,identifier
gly7q7xx,ifn0vh1s,identifier
mxw1gnd3,hsxvmmil,identifier
llzz9f2h,3dvbcye5,identifier
03frcpd2,w21ya8p2,identifier
twp16ung,o26t8b6e,identifier
zuvnwlu3,w7dwkcn8,identifier
rk5b2wmh,dhzrztlp,identifier
d3dk6dbd,ddduoj1w,identifier
2xy7dn0p,q9wwhoac,identifier
txvjkylb,6rtp13rk,identifier
e9a18xj8,uq2pbyjh,identifier
2uic19s7,g94ybj82,identifier
wqp69azx,scm7lgn5,identifier
fzpcvwxq,x0sez4th,identifier
sp93tnho,j5w9pslt,identifier
ghzdidie,87b9mk07,identifier
tyjj96cb,3earpwg3,identifier
e67bif3y,hds46b1t,identifier
kj6upulp,oqff0jwh,identifier
hdghi39p,p7fyif42,identifier
ni7d88k9,y9spm1xx,identifier
2x4o4clj,31bmv4s1,identifier
4ur0bwf0,spsfjwe4,identifier
s17igpvq,b3f8avzq,identifier
uxoo2shd,vgr2lrdg,identifier
j313p4bj,9w9gptt2,identifier
r704w4c6,cyuesw45,identifier
0nhwmqfo,hhqfnz1s,identifier
dimdlzwc,sv7j5qqy,identifier
7zh4drkq,6abnet55,identifier
7jw7xv51,qglqxsfr,identifier
2obbvzum,dfec3t3p,identifier
5shceekc,th5mb1qy,identifier
c48h9a9t,o5hn06q7,identifier
gzetgbko,aeo9l81q,identifier
dfwoin31,pqcxzdok,identifier
2z7m2bdf,d5z6m0yh,identifier
u39n3672,2fbhjf49,identifier
kh7kwi0b,bx2s1x04,identifier
4ck20fv3,46f00gkc,identifier
gkxku68s,if4fksc1,identifier
61lccg1c,h7teizmr,identifier
sc1b0tsk,zq7099b5,identifier
bbg5xea1,tz1ygwgt,identifier
o0ez5luh,11xhzcj5,identifier
e3rhasoq,76vg5nbv,identifier
lidjetrp,qp83lv6b,identifier
q8enf1h3,h61bzq8e,identifier
8htyhgmg,5gu6kc0e,identifier
p0pxh843,oalp8ty7,identifier
boculfdl,yywmb11b,identifier
xdupz7g2,w42eidyw,identifier
j3oxjbzg,n8uiu4az,identifier
iqyi7mzg,0xrs3yzu,identifier
hxorbx5z,aonxm7x3,identifier
qlao14jc,lri9g1z5,identifier
3yudi405,a1zwhhz5,identifier
cbhxwwkh,1ohxvvqq,identifier
xmm67m7g,wcj3se5l,identifier
ynow8gn0,1tkx64qa,identifier
fjsrg656,7z7hvxyu,identifier
qn63bfrs,icv3ifcx,identifier
4phaizum,dx2vlgef,identifier
gcmy6bcn,vv3z31po,identifier
xb0f6jcb,pjq146cu,identifier
md2k7850,tfk9myli,identifier
jlvcebhn,7agyp81c,identifier
7x6pd4ps,7hprsqpa,identifier
pnw7jxo8,gzf2b2y0,identifier
ii9rdudd,j00x29vf,identifier
dil67s6v,0nlat7ax,identifier
8y3trarl,2jtyet38,identifier
hrb0shhg,3n1rx5jz,identifier
fadpo3j7,igdqq767,identifier
9xmmtafz,ybptbar3,identifier
6t8npqg0,n0jftjs9,identifier
1ifdribz,r0wqbh1p,identifier
ydegbqhm,595yy4wz,identifier
pmst3512,7616rul8,identifier
awc2pr4q,i2grfr3u,identifier
bac290c5,4k784lrf,identifier
3dms6e06,llyrkraf,identifier
ttgcex6b,9aoszre9,identifier
u5whxwt1,iy6dxtk2,identifier
go4hsxr7,1qd310ph,identifier
d1rsthcb,95a4mo1f,identifier
9wz5ls2e,7wofe5mq,identifier
g6lcpo3q,smc2f7em,identifier
phugnp9t,fhhbto0o,identifier
u2nvp03z,is6gu557,identifier
n5omfl00,7u8sum97,identifier
jccfhizf,0zff2ilj,identifier
fe4iizes,nalz04em,identifier
wg28qzcb,nuhldzwx,identifier
c64yn5i6,2syphtw5,identifier
wgkxskdr,cw6doi02,identifier
ju5wmecv,hvakddiw,identifier
5ze0yrqp,2vh8hlgv,identifier
3yvhsnex,4xw3ldxt,identifier
658bee4v,vv0q3id5,identifier
5mx7bj9z,frtxl8j1,identifier
mu4iy51p,wzvpmj51,identifier
g9ret35h,42acx1n1,identifier
ems4fjzc,s5qu7t1k,identifier
sur4n3x6,5awjskjp,identifier
pa43dlgt,oiiwy07v,identifier
4t1awfly,0x5qeqf4,identifier
qjul766c,4ykammnf,identifier
5hllhzci,8vnbh7yi,identifier
q6r2x4mm,2tg5y3go,identifier
62addcue,hsee3z26,identifier
p83a7ttt,1hooh177,identifier
itrymcxw,avj0qguw,identifier
t9vn2uw6,e0egf53q,identifier
xcg7tsop,usa9qzty,identifier
iakj5k0f,g01ar0s1,identifier
hkhzf6vt,rznnru0x,identifier
kiu8uw1a,4wdvngq0,identifier
5611e47t,16xzzu0f,identifier
jvkfxygb,le0ia0nm,identifier
fkcksqzt,yztj1269,identifier
45v1kbk2,79hb0opr,identifier
h4abefw7,tzmqqo7b,identifier
wplm42ov,pfytkcox,identifier
7z5gihqa,ser1lxz5,identifier
i0v4vxri,oqc072v1,identifier
khe2kz85,9zffv8o9,identifier
8xk4u85j,wstv6d2c,identifier
48ednoqc,mc471reb,identifier
bwvwq0hx,zbkv22i0,identifier
h0apfhap,rtp8wh9g,identifier
z0zkon5k,n8f2jzej,identifier
7la8darg,von491i1,identifier
vby6s9h2,g8la4ub0,identifier
wf3wckvu,9bv2t531,identifier
vkkbhs3j,gqoirb2e,identifier
w78aadhh,eei0o0sg,identifier
3jwi7m5g,pzsezf32,identifier
tlw1y46l,utnqvdvl,identifier
hkqmyvvx,i5k1enly,identifier
ika47agv,jfhvlmws,identifier
jsajyclo,winsysvf,identifier
q1t0ktc4,x9vqjsqv,identifier
ivsypo0y,k1ysvz82,identifier
au1btn7i,antmwagm,identifier
ulsap91u,931swi3w,identifier
807jdd0j,y53sp8wc,identifier
m1cz7q7s,52ysigfm,identifier
u79zx7py,1ef5lh80,identifier
zlupioxp,5wzbn3eh,identifier
gtuvx7zb,knr07yy1,identifier
e3bp1uqv,dm5pwmk4,identifier
xynu6807,sga05qsb,identifier
sa9umh7s,1cx2l2do,identifier
7n68tekb,ijahxy6l,identifier
hgd1jije,4vmqv54n,identifier
8keojx8s,b993zctv,identifier
j2br2ytx,5f1wapuo,identifier
gzovx56e,hlj6l6mx,identifier
jrnochxt,13p51dq2,identifier
361wt3qi,j0ojtncj,identifier
27ejrd5t,udgjoxip,identifier
55r41hbj,m2eoxplc,identifier
no9hug2s,t4mv3rnl,identifier
ewpcgj6a,py3sqz8q,identifier
wrdfi7qn,co92gywc,identifier
kce0eoxj,2ji250gg,identifier
6dycncdw,34n9tor5,identifier
7dxvo4sy,h0i4bcpr,identifier
e5uuu47m,o9ckq712,identifier
xe0f8gl9,2u8oiuwv,identifier
n700a10p,bu33nln4,identifier
zx0hbqxj,k6xll4qy,identifier
s8194ug8,ktfa7lna,identifier
b0ydak19,1udsdswu,identifier
vr9tctxb,6owotg2k,identifier
bvs4fvz6,vuu29efj,identifier
gncmmv3w,gv06jxnx,identifier
pze9f1ln,7occ0vbw,identifier
7yi9slon,of7ulfeb,identifier
js1kmd6e,4hky4m56,identifier
ob5k519i,doy9ztty,identifier
kngh1kx4,akuf22lw,identifier
j062t993,txatdt8t,identifier
tm04ft5x,1kgy2qb9,identifier
elei95qi,vm147j33,identifier
pmllj22x,i3o3ksza,identifier
kr2bhxox,u78tcnvj,identifier
p9t52cgg,0cnyjyqd,identifier
y86kzw7f,18knut20,identifier
j8mk5su5,bhhsech5,identifier
7vpvtfde,fednx1tz,identifier
v4ygcp6p,5aoj9puq,identifier
t4ojxvtf,4twavyxm,identifier
a10fv9or,0n7d91gh,identifier
pffmp2c8,2x93ir6l,identifier
xil9lg2p,3ezi6sb6,identifier
z98i9ju4,a44q5q9w,identifier
fs99ixgw,ld99xykb,identifier
210bcji6,9j87sgsq,identifier
xxvf635w,ann6dzmn,identifier
bqy4wb2k,9l097t54,identifier
562d3fvg,0tdkfhnj,identifier
57l1t652,8vr6lcbs,identifier
4hhxsf0w,wibh5woj,identifier
ttu3wo0q,om6qs3xx,identifier
ybauyaed,uvc2e9jr,identifier
dhut006n,0mcixa4c,identifier
m7eonmga,7stc63yl,identifier
w6lkzth1,nk8aird4,identifier
u3eosotj,kqktl2d9,identifier
aegc5loc,uqctlgde,identifier
esltrpgb,3lqk5od5,identifier
dahqygud,q9q0hvzp,identifier
lwjwbks1,cjrr1sl5,identifier
k67232xv,doib1gcc,identifier
4r0qpcjw,473fa2fc,identifier
uff34cjj,h3whqbub,identifier
9djt90wi,aaz0kb5i,identifier
rfyj5rli,cdf4z40q,identifier
qd2v2zlh,sxd68f6a,identifier
no9oe1aw,w6lj0zvq,identifier
ou5uycbd,93xq4ke1,identifier
7nmliumf,ens0io6s,identifier
ahwcbszz,zw0xh341,identifier
jaivhnle,1sgxrhoo,identifier
iy3y27g4,f6ig08kr,identifier
im2hxob0,1fouxprf,identifier
wbtttvqh,t0l9j8qt,identifier
rzomrcfq,m86stpnq,identifier
rulwpd35,gsphs7j8,identifier
mnnboawt,nrwjyq4z,identifier
mrcjja7n,1gy2624j,identifier
gdwpspi8,6ff627r7,identifier
gqkg325b,jn61wyca,identifier
w7l3a8ww,3hmv4o82,identifier
z79jp0u6,h61uc17c,identifier
p5w9xf7h,yngvum5y,identifier
dbnnshab,06m1o8mb,identifier
oz7nvdoj,xmml8lxy,identifier
hon8m0og,wwquyzre,identifier
pykx507p,2hletphn,identifier
isqoxx7v,f4srpahe,identifier
hugj3a42,dyv418go,identifier
3549nn47,36zankzk,identifier
hb3gtlbu,g6b1h4ol,identifier
5k9762k1,dm8cr0ph,identifier
py174oy7,pwou07e2,identifier
elhqntew,3mj725de,identifier
knlp69d9,gc55vjbq,identifier
ghwvloq8,24myor9u,identifier
fgkfwc3y,6gzhoz6s,identifier
6skbzg1h,f5lls9ys,identifier
12jiem0b,vwufpwy5,identifier
1317by5i,kbkrkyhr,identifier
4kpqgvyd,jzui0puf,identifier
uqplhcl3,9hau12vk,identifier
vfg9wamv,ixp1evot,identifier
551ta3me,jxj5zcr1,identifier
zkac8mnw,on8gknrq,identifier
suzwi3s9,vblqlpha,identifier
vcgsznsz,08kc9ptk,identifier
lk0yn1k8,vwm040v1,identifier
x04zbqiz,l2ysm2ep,identifier
xfbxpuse,gcrtmzsw,identifier
d3zsrb03,8sqmkqxx,identifier
5triehrh,qncm6rou,identifier
clrkyajb,2ia0qoiq,identifier
dl3c53ap,ihq7rs0h,identifier
s1ff4dfq,dzm2ybnv,identifier
9za3w2hp,62i4pe4m,identifier
4g7hvjtu,rdywyxqz,identifier
ijqz1ek6,ur8k3bei,identifier
teimnw4e,40mmv2f9,identifier
dcre9z3c,t45fkvbe,identifier
la87r88c,v2gk1vda,identifier
kwp7jxle,n1s8kg2x,identifier
auqy0767,5fk5xdyj,identifier
xdrozvhg,qksvt9xz,identifier
vvkvvg3i,byxmw4bj,identifier
2esu9tdn,6erllpct,identifier
ng4ihhrv,xsqo6fuc,identifier
98321neu,iv5ay0qh,identifier
vwfh48ks,1h3g2ffi,identifier
d38l2di6,hu6sbpto,identifier
zm885syn,jm2m7nyc,identifier
exh6c9qg,ekxf5o2y,identifier
klesewbt,zan9de8q,identifier
5quk9miw,g48juyj9,identifier
nbc6a6x3,3m0pzrrr,identifier
9mh1udt4,rymidhit,identifier
waqpc0ge,cfniq0z1,identifier
plab3d0b,ounpr3aq,identifier
ab01tv57,aqlbtlk9,identifier
k32x67fi,odde3bj0,identifier
7ifjzmy4,vxiigwqu,identifier
qomu4rax,izrfowsw,identifier
m1p7nsp2,2h6f8m1y,identifier
2u4oh5qh,xqtr0g79,identifier
qjp1ogpn,ortugz21,identifier
r8kb7i9a,2vj0c09t,identifier
6ntwluzi,i6d85o60,identifier
or4xbwsn,x1yvzphg,identifier
ubwp7sbv,fzbnnyj1,identifier
ky1dh442,efjx4edx,identifier
7disgbrs,brhqv6kf,identifier
i1pl0uw1,h0o2lvxr,identifier
4j4wyn32,tv8pv0l7,identifier
35wc9eu2,1xg56tpx,identifier
hmy9n7m9,xhnqywqb,identifier
ifv12myn,d8abivj1,identifier
lvh1lmme,13d1fv27,identifier
atuc69km,z5gkal1n,identifier
28aqh5nw,24y1m20a,identifier
235hk4r9,2cfgazvh,identifier
h8q1pqvu,ogpm0k1r,identifier
iqjc893k,7q8bioza,identifier
ysh3au60,yo1co8dk,identifier
z7cjx34w,wqg71cjz,identifier
6enr30u7,5bfwzzgo,identifier
n3nt175n,4bmjncww,identifier
0uxxopc2,l3ytvg7w,identifier
jkji8mhi,rrbw8mdk,identifier
e8sl0qa0,kc0s3v3r,identifier
yghyr8es,9ykbwb3v,identifier
j4tubzt3,pibmnbrx,identifier
y0qovcld,08nkqeco,identifier
7ctpm05c,9hw1vqqy,identifier
itcenflh,grahy9up,identifier
ikq73ipk,ycch15k8,identifier
r45ei71o,nz8xozzf,identifier
mwbicf72,2mdapymr,identifier
0pbztea3,cfuex42q,identifier
87v20b8s,hweno9u1,identifier
5ctt3e6k,kkatc8ku,identifier
s9haka28,8lcsujcz,identifier
wg4dwp6w,pdpg55aq,identifier
o1aif0ob,fyqsw81b,identifier
sggaeghm,qyu4xv4k,identifier
3inlrdmf,vfqrtrue,identifier
uzxexbta,jd9cklvp,identifier
wfulkwl4,ql3zm017,identifier
ds3ojyqu,d0sjssdu,identifier
3mtqfe2k,f1rh9xuk,identifier
o2axs9bo,emsavvl8,identifier
6xjv3ubf,syf5qj4d,identifier
kaunjs4u,71r2fmmg,identifier
09cs6iax,vopv8aoj,identifier
p8olb2ew,djoy2pjt,identifier
dckskeaj,sydnosmr,identifier
2g5jz200,egtf3dk7,identifier
oojuwafg,ghsi4n7t,identifier
addghmnq,7emuxcwm,identifier
fwyxdh0f,kha16qy8,identifier
63c6lpom,qcr3aku8,identifier
qcsbfrpr,wvaf98ze,identifier
n85fm5ij,7acd97ol,identifier
w4maqxl4,ku45p8f2,identifier
pkqv8cmr,rtsllgsr,identifier
fbu0tzbv,62lrlcu0,identifier
juc9k9sf,uvujul5b,identifier
jh5fhpf0,4ztw1m01,identifier
2xpm2oho,gopq74gf,identifier
jm79er8m,w6wchzvs,identifier
cv26c7oy,5jdxbtuq,identifier
m05jtvfj,ey93xukm,identifier
kdq4xdnc,tc2vzzz7,identifier
f53v7670,s2dzgs86,identifier
hejp8xue,2acru37x,identifier
i1tu0enp,gl56bzjp,identifier
z1mjnll7,r8juw6ck,identifier
hbxthyi3,yc73t3kx,identifier
xcj4i7kx,f4yvsst0,identifier
axgtrxrg,u2s2a3m0,identifier
sratjyp7,71zeo7to,identifier
kcdhfarq,8fslfjki,identifier
m62gkv9i,0jbl4em5,identifier
hvaxi01j,j61gvj8u,identifier
fm9let6y,dj8ue7m7,identifier
xtowifo5,f48ziqop,identifier
x2h5gz9e,dmd9c03x,identifier
gcgltfy6,9wq4bp5k,identifier
i9c8v382,64ge9fi4,identifier
dy8gcdpz,tc4m5vm2,identifier
5fgadw71,uebhi90r,identifier
uacmlev2,bvczlpqs,identifier
i6tvit7m,uv9q6ucl,identifier
p4ys4d7b,vt4df45y,identifier
c6dkqcfq,kxx5jdtj,identifier
i282mxjv,ebcspg0d,identifier
940mvmbt,o1u4yjdv,identifier
4l3l4a1d,qmnmhrto,identifier
940l804n,eem8n82t,identifier
ttvee9vw,izneh92r,identifier
y9w4qkwf,7onwshlc,identifier
uh9kf8kr,c63jms9g,identifier
0608dc4p,we9zhg9l,identifier
jdofqnp7,yxn4l67l,identifier
3gk0m1uq,mdpiu52d,identifier
91nuop57,kk78l59j,identifier
nwyb5fsn,een09dzg,identifier
7jsvac30,e1dsc5g3,identifier
ofiul7f3,xfiqlck4,identifier
rm2azbtp,0w644u25,identifier
ga9cc4ls,v0msxz2g,identifier
vtdtfw6p,7wdmj05c,identifier
k7xmoijv,8m30s997,identifier
a2ifnvvb,nomvkb3o,identifier
naqlmr1b,92ulgb0d,identifier
jd0cs4iw,ekjteq5h,identifier
3qyrqryo,uvnpk1r4,identifier
8qott5rs,c3h5cbx6,identifier
3ou5gg0w,cy10ei1c,identifier
i9ojvo33,wq9hihc1,identifier
wc8srhdf,3yhffc4c,identifier
txn8sbxj,x2lxxhxq,identifier
4rwidvol,onuq6j3j,identifier
djl2lwb8,qt8q4qo8,identifier
92axhiaq,qg3hf1ma,identifier
w6x1dugb,smss9i6l,identifier
oae2uvng,i1rprci0,identifier
qki5cpe2,nwwkw2iq,identifier
51j4xmfa,gtejwjhp,identifier
wlshs2dl,0f33478u,identifier
11v3pn4p,5vppcfmn,identifier
3zlsr89t,y7mrifv6,identifier
l2ib4dmv,c9zm8bl5,identifier
4mbhj1s1,ssr68eww,identifier
ew50z516,qxbi55y0,identifier
m3905e18,nondigql,identifier
k42fzkhi,agkebm0r,identifier
9o56tchg,wbz3yfwx,identifier
tgijab1g,3sw8194t,identifier
v9wnftc9,mttqpjs0,identifier
42gnyxym,139x2lzo,identifier
9jzrp2bx,9z4rq850,identifier
j13aesp7,y792dwbj,identifier
ezido1cc,sqtd9ao7,identifier
26stihe2,pfi9wfdk,identifier
b678y9tj,dso9b8ov,identifier
qgdaq96i,6t4setj2,identifier
zifdptil,s2sh571x,identifier
eq65eiwz,poe77p75,identifier
jvg5udrc,bnx2gttv,identifier
qpd2gog1,wpr2jicd,identifier
1eyp9ivj,qxlz1ff6,identifier
vj7z6puw,ayqlia8j,identifier
aw0xv12q,4rqi8vc1,identifier
ghce9flu,fmgq2px8,identifier
l88kfvgi,83sk01vp,identifier
5gqm2tnl,y3xf1fw8,identifier
8gfzrmj7,noa192c0,identifier
sf55n6kf,50w4fixc,identifier
63tib6z6,748se9u3,identifier
ygb88m80,q7mm1hs9,identifier
rlaxohgc,syoq7pjy,identifier
gpuddl1c,2mnhjug6,identifier
8vjbh4zs,6m2lmm29,identifier
4plxcs6y,qbhwfyrr,identifier
fsj565t2,w5e7edu0,identifier
ln7zti2a,ix1nifo9,identifier
5k0vwwxb,c25cm05v,identifier
gfdtk8oy,h28rlvtb,identifier
6jjxkfg0,hqzfczim,identifier
cagtxjqb,xg82w207,identifier
hbzu2lrq,xzk55o0e,identifier
3esulhhh,fxs1itb0,identifier
r1t38uel,lye695hw,identifier
bmfo7n9v,5f2e6063,identifier
ptq3wdsr,joyqwppn,identifier
gzgykhsp,ch4xea9i,identifier
3jejyhmb,gq5o53tc,identifier
difdha5q,xkr5hgxs,identifier
gvs7vphy,0lmui4rq,identifier
rdiixr5k,1fhunzlx,identifier
tv72jah3,7r99tt36,identifier
p3ew3ku7,x3dzaj6c,identifier
1i8mmal2,zqer9w9t,identifier
dl8lmqh4,95s12s55,identifier
lon0p1yh,ia6ruilc,identifier
4natt3tl,h2nt96mx,identifier
zga8zn8i,08t8cnin,identifier
y4a7uos8,gcc9se8j,identifier
5hfg4t8d,4hkj82oy,identifier
vy37ax6n,ttl1jdcu,identifier
6863v5rb,3sm7t4ut,identifier
x8jdxz9k,gsa47y20,identifier
ne46klvr,nwsxfg6l,identifier
vyuc5hym,jkgm6b7e,identifier
brhmr6r3,ub1pozkh,identifier
g7831mq1,4qyv0a20,identifier
wlqtw9hd,r41kyksj,identifier
4xcxajlq,xk5njk7d,identifier
ea42817x,uwk5xxar,identifier
o71e9ts4,66wber5e,identifier
brs7on44,hg2e2x9m,identifier
1wq8x8nl,2rm67jzd,identifier
e0y0kpdq,hg77m7xf,identifier
xwx97ilo,lffbko2f,identifier
wlx6uwnu,dpip1pbt,identifier
hrxh09we,lmp14226,identifier
g98ezm90,mavup6dt,identifier
iawm5ida,41flg4t5,identifier
7tlgrw7x,81e4o1s9,identifier
tncikfy5,utu73rt9,identifier
54kiu0qf,555od02f,identifier
1kzmjvq0,ycnd7dwt,identifier
4j7vrshi,yvyx8klu,identifier
01gvr76u,m3kw46no,identifier
3rmh6juy,2cnw3n2q,identifier
s9o7pzok,yrbalj5x,identifier
l0x26afx,eatgrddn,identifier
hn09ry6j,tsb82cot,identifier
axa3ujp0,hz8rb18r,identifier
dgvedund,52zgjsxp,identifier
dro413w4,4f0jta1q,identifier
0z16syy9,e29q018x,identifier
mel6hdwh,qzxoo0ld,identifier
zmsbyzix,c4ml73iy,identifier
gimtm7up,8goh28zu,identifier
o05wct26,ley40t6e,identifier
gno2kuf3,0muu5go4,identifier
i74p20xz,6r8d3b6g,identifier
by06ydvu,y8qfadit,identifier
wk2a5s2s,dwhbu5e6,identifier
3bcpt23b,xdvs5mxf,identifier
so4rux9f,6uaifhft,identifier
3y8ej6dr,ip6i4h76,identifier
1pxjh6ws,2epzn6pb,identifier
d9mqhzyp,q3x87hi9,identifier
25z8g4do,n5km7kk5,identifier
97aaj8fq,9lr0rtif,identifier
127zzeu6,i9ircr31,identifier
m7s39je2,syqjw0wb,identifier
vxhrq5q0,0xszpi5b,identifier
fg47hjuk,rzijjxde,identifier
br8rqr9d,ip86dv88,identifier
rt5kmv4g,8202e9it,identifier
xfa4mjey,6ep55ug6,identifier
f9xubxj8,vmp9kpfe,identifier
1srnsax2,3eyfjfo2,identifier
goemluvd,rum2ib44,identifier
u4mz79ry,g5bpyf1o,identifier
713mggpf,etopyd6x,identifier
sa10xb37,jbtrhmz0,identifier
5vru9v4e,htpydfx7,identifier
bkq7k0bc,yb6p7vun,identifier
i98p6e8q,d84q9baj,identifier
fsuhj0n6,686zrn62,identifier
np40mpid,wquqalru,identifier
fm9agw5g,rgpw6ao8,identifier
79rc10xl,39po6wpq,identifier
xuj99v5x,uj68mblg,identifier
re4wd05p,ozhruhn5,identifier
u9glkvim,n3sv3745,identifier
6k0zkzt6,hqh17n2q,identifier
ej14396z,u7rhi4ad,identifier
s1d21mtv,5q0lqjq3,identifier
1n757c77,z73bozz7,identifier
s6nk5dco,f5h883xv,identifier
5rb5stty,3u1jxgyv,identifier
29rmbjt3,i82rkuz9,identifier
rybzt80z,1loxb5cr,identifier
yw2irmk2,l3qvyr7c,identifier
5nid4amd,230p2ryw,identifier
uj2cgtb9,2d5cswxn,identifier
nmcfny9y,htrix0bb,identifier
lijzf396,vm88faiw,identifier
8asjm154,u99eeaet,identifier
7u06919l,oatrrabe,identifier
gvkwvmcl,ct3fs8hc,identifier
kv17f53a,cm7uvtg0,identifier
wwb1mgdg,mfuc4a21,identifier
9aumt6on,k6qomnm6,identifier
8cnibqn5,xv0q11uc,identifier
1ew0hqso,4cllq5ts,identifier
bsw5938e,78z8pju2,identifier
yojpx7lk,5tapbuq0,identifier
k90af7xa,r6qghymb,identifier
2sqq8z7w,1pgnmpw0,identifier
va962980,uihltn9t,identifier
gro1hyhh,z9cyv0jq,identifier
kjkwv3lf,9iid7uxq,identifier
8s7eln0z,jo0udije,identifier
hfa1oahu,dkw7h780,identifier
28mvz4uc,m08y6ss1,identifier
gb4mvrpt,6n65d8yu,identifier
wy7ua4vh,zgex052z,identifier
z54mowki,nqlrfqir,identifier
9wh2ahst,yt9rj42s,identifier
0dam8ltw,skyiy5ox,identifier
f4gf96mf,689nnr28,identifier
c2h7eqpd,sl9nuy8z,identifier
z9hjbgvp,qiyzk6fx,identifier
d5pd7s61,gxkjvx3h,identifier
awdtetdw,pepqxh6h,identifier
1lnvh6rz,ux0w1r5a,identifier
dnaayc79,nab0qkin,identifier
dk74e2yx,tj80d1ct,identifier
peq8fxls,c5k427e5,identifier
v5zxnm3f,kvxfnlc0,identifier
c13izrtv,cnoeaqyc,identifier
hl0flsm6,4d07009x,identifier
k1fkuv36,oh0xlv4t,identifier
jlg3imwv,pfpmj1qk,identifier
7ez8kv8n,s42hf9po,identifier
rqreahse,8win22yu,identifier
3hh00f31,icwb535n,identifier
7otlsaon,80somkkm,identifier
b99kqsud,cp5ae5cn,identifier
9jwfhmp4,81rq5vdg,identifier
o8lg21c9,i62g8w7p,identifier
r847zzv9,hoh3z39d,identifier
ekex4l7q,6fr4x92a,identifier
oyznx80f,hlz5q2eo,identifier
gwl2yoec,aanwoum5,identifier
4zsedq05,acabwie4,identifier
oo8rxnxx,yp8atkz1,identifier
1l8mmiuo,f6nykhqu,identifier
u0ydmrrv,4xd0adym,identifier
dzmw20fq,cc7htcc8,identifier
q83cajxb,sb3rzli5,identifier
rixdxhbo,x9q6a1vc,identifier
etpf0xk1,tfjos3a3,identifier
dgnkp2if,d6245g86,identifier
p36ddxwc,wavtsgmw,identifier
xq9gqvkg,fwid0tyd,identifier
gz1xqyn7,e5omeyw4,identifier
kmvkmide,k8e23n4y,identifier
crbnibg0,m13dsplb,identifier
3lv8awfa,idruibe9,identifier
35zrsn5o,3hz5yisn,identifier
7xliszyr,sfy7ea5z,identifier
wxafmv6o,r8pmq09s,identifier
o6ff2wom,5zvhr9qr,identifier
isp11lgm,g7uo1wy9,identifier
g0xvxi98,pqxjs22u,identifier
io8y9jqj,wrv0skek,identifier
sogsxmio,seyhooer,identifier
6d4w2m8g,7mejfevw,identifier
x7lfysty,aasrqa2i,identifier
bk8fdnvb,o0bng6vr,identifier
qutgun1q,u2sn7e8g,identifier
xfqrs53j,9ql5juo9,identifier
4lxhrsgr,0bc758e9,identifier
28yuwkay,zb28tmn8,identifier
7jy11o5n,uawsfu89,identifier
c6mdsp17,g91f7nkp,identifier
plngslxr,kmo2hyqq,identifier
xph28r7o,2oqrlq0p,identifier
tg6rxvmx,0v1k7h0h,identifier
gnwml53l,ayvaltme,identifier
kkhhvby9,15fsjbx5,identifier
y66ec98i,yslxwpg4,identifier
57zu0kfq,il4lu07h,identifier
xar0rkg1,kqwhewav,identifier
tim3f5p5,2qhwrbr9,identifier
0w77g325,obwtoje0,identifier
zs4g0z7u,u41vgp3c,identifier
wxb0lrjo,gxyc2lp8,identifier
4g4q7ei4,hkho8irh,identifier
uq26jnkr,80g4y77c,identifier
er73gr64,e31szt2g,identifier
3k9660jq,s742ogi5,identifier
5c7d963w,eqw8ywrl,identifier
ox5s91ll,imdtqalw,identifier
kbfavy8s,2h2f0jx6,identifier
yt1wvprg,e82pjjuu,identifier
xwxcbwx9,xfrf833x,identifier
rd8dp0qm,4qnmn92a,identifier
cpygaswt,8wbo6phm,identifier
mwaw1f1b,mnycx83j,identifier
lulxvpx1,jz0noese,identifier
8lu9tc9x,zo6q9sdg,identifier
t522uk14,szjsouyr,identifier
7ebhqrg4,54t0qc7o,identifier
gu3c24ze,rmxnndbc,identifier
lb9e6cqq,xhyfi61l,identifier
qpndg4fr,48lvp6p2,identifier
jaeef4ej,ja35td9j,identifier
ua5ufcmg,f93bnd1z,identifier
645afrk3,pvgjnt0g,identifier
hgqfmlp4,r5ug7jp9,identifier
xmao6ce4,n63tgr1g,identifier
fp2qb2lv,2b32hntu,identifier
ozn0733f,18znmmpz,identifier
7sllr62p,uyq59jt3,identifier
ybusrlo9,6r0gfdma,identifier
leey02pl,gj5ywiew,identifier
hniv07mc,7fjymdl8,identifier
5xy41q1b,n2zw2ozd,identifier
rbk87iw0,mrqb6kye,identifier
rhy8jzpd,nzf00lky,identifier
bk8x0aog,k7msn3if,identifier
iw6n5h3s,lzvmpyks,identifier
39frq3ky,ewb09f5h,identifier
u2m9fjbb,oxf1d55o,identifier
39y38qdi,k68f3rd5,identifier
t0e6agka,lg233mk2,identifier
her1bbfr,wvkvatnh,identifier
8fnr1vw0,jw6l2udi,identifier
m8qz47mk,cpxqx4t7,identifier
51wnrhcv,ylnzklv8,identifier
sura0lgr,m5kwp4hs,identifier
2daz0ff5,6rawbo3w,identifier
vtxjcgmx,flfebpg8,identifier
dif6czi2,ahe7mul4,identifier
ihhukfki,83pf7qwm,identifier
1v5bb69q,rkvcr7mu,identifier
yikix201,f05ctfoc,identifier
49qbo4iu,0gmrcgdq,identifier
86z2ysnq,8wcaxjg5,identifier
lo0eghpn,nv38iwk6,identifier
ce0yn8a7,xjc61p64,identifier
hexo31o0,xsoi4ewh,identifier
nybzaab5,nkv0c48p,identifier
c6xpe51k,4r17ands,identifier
qj4dw9b6,y74ld3s3,identifier
6ivut313,8rw2nd0o,identifier
acviqgx3,adeb19vv,identifier
wwjhane2,32quvru2,identifier
59tl59ua,ohypt34l,identifier
u6itno9m,alksgf2o,identifier
3rpzclzu,oyu2lhjy,identifier
m67jsubn,8ajltyrj,identifier
b1rixrmd,tq8mlc7w,identifier
wxunctqu,cug52r7u,identifier
x96mpftu,f7g1zacc,identifier
o8itmkik,gwv8tu6z,identifier
0jzr0j4i,juz4s3kb,identifier
e13k0dig,ckwyucbm,identifier
dsauljax,08ldx39i,identifier
bh42rya0,jerctbyl,identifier
yq96soya,hvamqbg2,identifier
yrgaov2l,jfh5p1xl,identifier
iyt3btuf,ktz5lqzs,identifier
loakcnlt,ipa5jey4,identifier
ntb77nfk,yb1cyssk,identifier
2dznf7lx,1hkicmt0,identifier
joyfs5b7,237vuphm,identifier
8v2lgozc,7ggugwyq,identifier
bncxyk83,k5a07sgx,identifier
dtvtopht,toj789kd,identifier
iqubk62z,98tcf05l,identifier
bjfhg65b,qzqnho4i,identifier
30gg2ab9,qs4712b3,identifier
d8hi74i0,i8t2n75r,identifier
3bjeoxnz,hkg2honv,identifier
srpslg6u,w5e6k896,identifier
y0tyyrbt,h27pb7fz,identifier
0m6kwa3n,rwwcpo22,identifier
zykfq1cw,axsztc64,identifier
epvt0fzx,f48j2swk,identifier
pobecjvv,aqheqm60,identifier
tqarzbhn,pd1uu43i,identifier
7qdjlclh,08rbygz3,identifier
xbqsaqfj,xd66b7ws,identifier
zkd6h9uw,aco4x51x,identifier
q3f42otr,dgizpo1z,identifier
n0u9fa63,dkg4vcb3,identifier
mkw6cg3a,khvte0i6,identifier
7u6paw0h,6071hutb,identifier
ovrxczbj,vjbrzokp,identifier
xg5ao1y5,iu2nwnc5,identifier
fthstnom,rt0t2r9y,identifier
5s5kplrf,gd8zgjeo,identifier
h551313f,d8v1hzfy,identifier
07uohwxu,03898v6y,identifier
vax6gka3,8pa4hjp9,identifier
lxlzskbz,ohr8umip,identifier
hram96zq,t5xkz9aj,identifier
6tjbggvv,f49uknpm,identifier
yzjppt8m,q7brqrpm,identifier
rtnoevb5,9arkpij8,identifier
eew49uyu,h8gwdqub,identifier
bjbeonxo,0v44m1ts,identifier
bg0kyzhm,mlxi47tr,identifier
7hs6nm9q,8gnim8w1,identifier
vwyn9kbe,9zd79pxt,identifier
8t3mcyye,mfkc92r3,identifier
zxjktjd9,112c53mo,identifier
5wr73yzs,1dhvyehi,identifier
f5xp2ebn,vjui043o,identifier
3pu6xny9,nx3vzvj3,identifier
p4zfqf1y,gecmj9rc,identifier
4tsu5lpf,wcq8uvrf,identifier
hv0vzyj0,eaergjhc,identifier
k0m42jp5,ji4n23tg,identifier
2stuuxkz,soyk4ylv,identifier
ov4vlvaz,nagh9lps,identifier
vd11mxai,njhkhmhh,identifier
rxmi1rnw,leo0zqym,identifier
1ru7oak4,0ojfce09,identifier
bojb8rol,mryn2b1r,identifier
hmmf45m1,atpt6f65,identifier
89tp4dmm,2773e0b4,identifier
gngnmcot,zr34se61,identifier
2qnbxv4o,rntun3xv,identifier
nr7ztz4h,j3yp6ywk,identifier
z8g8poj1,ovo8y6gi,identifier
j72u2k6s,khaz3la7,identifier
3th4nrnp,iarmikle,identifier
3k0wtrpy,9u2f7of9,identifier
fvvzkeb3,04z8aina,identifier
q05je58f,l3notfcl,identifier
pccjiyra,yipwd5dw,identifier
h6ezeyzd,0xf6dfrj,identifier
mznfdrqo,3hflzgdo,identifier
r87qeall,kb431uuh,identifier
8y0gcywf,okits8b8,identifier
ojo49nso,6kjgrsfr,identifier
ogaw7re9,q0spblgo,identifier
20hefgtj,jfnty6ur,identifier
dd4ycws1,8qz700iq,identifier
uylx54yd,4tf49hui,identifier
rjbionyl,fsxnahpn,identifier
3dgeuti5,gbcy8el9,identifier
xekxoncz,ad3w3nt8,identifier
v5806b2x,kqou4k48,identifier
7zu8dm94,k1nbwm30,identifier
aiemyclr,b4go1oza,identifier
at4lo282,18olzzhg,identifier
sxi7yk9o,g0iqd700,identifier
wpa6bwm7,yxuax66l,identifier
itp4labw,f0npnrp2,identifier
9cdz5ov3,89ynig83,identifier
t48qfpvg,aifuz37x,identifier
z6qclr4t,xvutwbwm,identifier
4bdqvvyd,4h41dfbp,identifier
pi24s9aw,nflulua1,identifier
aawj0k6g,s0egj8yd,identifier
1i2w3gcp,1fgpbh1s,identifier
78wbcoc1,yn81os8o,identifier
yn96391t,f54wxips,identifier
6yil6gmn,ypy1uwvg,identifier
tw39p6p7,kd49i1gi,identifier
xthbirpy,zhrg9eda,identifier
zom66cn4,78147xtp,identifier
xexhsubd,4uy32auz,identifier
fqw366x8,p0fr3vgz,identifier
uypr9z2h,clwlrt7s,identifier
tozlp2sk,v49pu9vp,identifier
r6mhycy5,vl8tt0gr,identifier
8timywyj,hqpzc0jp,identifier
mhceo275,lrcrkjsl,identifier
mjxykyau,jj6h4fjq,identifier
l8sxgy8v,3ij83et1,identifier
9txccve6,creike8j,identifier
i3fqwgri,x590pmxc,identifier
oc3rxw5o,rgvr689i,identifier
dsjcls8c,ib1lrq92,identifier
9sdehh8v,n4v4n8d1,identifier
b6cxuosh,2cqtb4l7,identifier
aw5kmj91,nss1bvl1,title
prgthkdl,5r8a0lo9,title
rhptrcxn,dbrs0edi,title
n7yj9lkt,ldvuhem0,title
gjlg9d1y,5d906qvr,title
bzb7cgrq,v0vvc988,title
vps1bpr2,ldvuhem0,title
hzxz5c57,ldvuhem0,title
rks6x6um,8d7k0whj,title
eo0czldl,x98j7mii,title
u3xl7dz6,23x36f83,title
r2tvtqaz,88fv2ea4,title
93vcoj12,igjni5wc,title
89xwnbbv,tkzwfmos,title
9d8k7b23,atwh2l8a,title
xfxf1vse,60sksqk9,title
qa9v5u9g,205ezzqi,title
21x337m4,wmid79yc,title
6kvedc4z,howmcdh6,title
0juc82bn,jlc30plq,title
ta1v6ctm,fornni9j,title
1lwlx0wi,220wew8g,title
8zjroetz,xzr9k6lr,title
muj7tz0g,kgbn7dhi,title
xdsd6qhh,8x3aptv4,title
ncjerv20,m8eh17f5,title
rcf8avov,icv3ifcx,title
jkd5ld1i,gww01bji,title
11o6dcsb,2memv3wy,title
ke5967zx,m142t5nj,title
820yskak,qrbiteyu,title
m9d90tgq,aw4f499w,title
75w76le4,rtssqjxc,title
4um88wpu,np02f4ef,title
o0g6iv9f,je9tvd2i,title
enzfpvlx,uuipx5bm,title
uumeeyns,qz4q8bbk,title
5a8fapxh,c4r277bi,title
ks1nr68u,xl2c2mvs,title
